date,Reversal 5d,Momentum 60d,Low volatility 20d,Price-volume corr 20d (neg),Alpha158 + LightGBM,CSI300 index (buy & hold),Equal-weight CSI300 (gross)
2017,-0.0020519699603864794,0.2081405903871154,0.058857122029138065,0.2021627161887165,-0.03736626468664761,0.22478374515321575,0.07768149955470549
2018,-0.30095253159511026,-0.29512770869803306,-0.289760608586382,-0.23429854181407594,-0.23020204705756253,-0.27580434048925884,-0.29147253916300686
2019,0.3096405682559418,0.3165132545072027,0.25227405981526396,0.5151235813614423,0.4191112999582165,0.4043840897002797,0.3813367435647117
2020,0.2636702497140775,0.5216160915862664,0.06482654417842015,0.325939674472959,0.2959590779742587,0.26065008802003353,0.22851713455315648
2021,0.04897526475210601,-0.13046370881916713,0.0173809140331862,-0.0789382082810921,0.04552283082602804,-0.06441168121860863,0.025050184560078792
2022,-0.23445141239738687,-0.34070475346622986,-0.18911766833312615,-0.10091485933234523,-0.0632955410424958,-0.2081704028415492,-0.1673280551322791
2023,-0.24232316141172483,-0.041450807028766024,-0.02159092903914006,-0.16903959163696758,-0.1370886927263124,-0.13033113999533896,-0.09008256316284435
2024,-0.031418234980786997,0.011321105688238742,0.27487952504439583,0.12721116429001023,0.110154483342501,0.13180901628339892,0.13601792095673537
2025,0.25295152164739965,0.2958070173967031,0.07993164464253355,0.0629366094523669,0.22069798820824515,0.23370268726538757,0.24581546653964148
2026,-0.14105689118791687,-0.1357867541742197,-0.07554126994752541,-0.07909319067735854,-0.09562929689532729,-0.08941319301724693,-0.07901259174009068
