,rank_ic
KMID,-0.029561869623799444
KLEN,-0.01628640581022002
KMID2,-0.01801678404775807
KUP,-0.001681412033989427
KUP2,0.0006931730589283313
KLOW,-0.008824159260348408
KLOW2,0.005707308760628698
KSFT,-0.03037128002174431
KSFT2,-0.01323888839776582
OPEN0,0.02956142210927486
HIGH0,0.011807573994062842
LOW0,0.026325402957189395
VWAP0,0.03929237119527344
ROC5,0.04292336741478631
MA5,0.03233004777605943
STD5,-0.013412713218531644
BETA5,-0.03086893687295003
RSQR5,-0.01409305789968458
RESI5,-0.009752964346572935
MAX5,0.02036033893718358
MIN5,0.033250612887402754
QTLU5,0.0310442966741094
QTLD5,0.029988837953412797
RANK5,-0.02535434938862767
RSV5,-0.024858877471634972
IMAX5,-0.020315884092509676
IMIN5,0.02864621735981991
IMXD5,-0.029397990393548602
CORR5,-0.014382918945908877
CORD5,-0.027686725092387992
CNTP5,-0.030172414446671236
CNTN5,0.03192746360420142
CNTD5,-0.03232377515350356
SUMP5,-0.0343542889487208
SUMN5,0.03435183393167296
SUMD5,-0.03435245623513062
VMA5,0.0026911831166314586
VSTD5,-0.004543452584044236
WVMA5,-0.005491139307560216
VSUMP5,-0.021619365302526745
VSUMN5,0.021619418371153987
VSUMD5,-0.021619378800168825
ROC10,0.029443928468083885
MA10,0.03788220655735643
STD10,-0.011743597934097598
BETA10,-0.028162499613834383
RSQR10,-0.008304186933941724
RESI10,-0.014468805167657016
MAX10,0.022336166581221308
MIN10,0.03203328148588769
QTLU10,0.03701448307699859
QTLD10,0.0331912393249705
RANK10,-0.026612496146429247
RSV10,-0.025394005687853795
IMAX10,-0.014228959353316011
IMIN10,0.015577446474604304
IMXD10,-0.01974174853729937
CORR10,-0.014574837004344131
CORD10,-0.02355354663419823
CNTP10,-0.01948429477605183
CNTN10,0.02203066177880248
CNTD10,-0.021828375296740803
SUMP10,-0.023213207270230848
SUMN10,0.023213417041382623
SUMD10,-0.023213398659520844
VMA10,0.008250986977543413
VSTD10,-0.002866350634543025
WVMA10,-0.009147452461168087
VSUMP10,-0.01274815747256407
VSUMN10,0.012748323993889627
VSUMD10,-0.012748203344411315
ROC20,0.02648588820872426
MA20,0.032442620964641636
STD20,-0.010132522641991753
BETA20,-0.019109522786469005
RSQR20,-0.0035256325942156544
RESI20,-0.02538278825205896
MAX20,0.01940264392954881
MIN20,0.025929266774315875
QTLU20,0.03323583680384964
QTLD20,0.029640743599808544
RANK20,-0.021346636436404026
RSV20,-0.02076691827198091
IMAX20,-0.0106708361782081
IMIN20,0.00744667756945023
IMXD20,-0.011847346581052026
CORR20,-0.01682792305011777
CORD20,-0.02130309164683986
CNTP20,-0.012892971003808758
CNTN20,0.01759335796632877
CNTD20,-0.016269345207458305
SUMP20,-0.021229676265830565
SUMN20,0.02122947848116385
SUMD20,-0.02122967980947749
VMA20,0.01010051439836579
VSTD20,-0.0027777080590736633
WVMA20,-0.014692083213252095
VSUMP20,-0.01781730639905083
VSUMN20,0.017817242428986708
VSUMD20,-0.017817130428034
ROC30,0.026789032481610187
MA30,0.032138458032276884
STD30,-0.007695690230195712
BETA30,-0.018654934423952687
RSQR30,-0.005939376476093478
RESI30,-0.02582147477653385
MAX30,0.019496312384314905
MIN30,0.0239825798845611
QTLU30,0.031769721933261386
QTLD30,0.030107606575381637
RANK30,-0.02076019213381842
RSV30,-0.020754050596966375
IMAX30,-0.009595942643985502
IMIN30,0.005187611341804778
IMXD30,-0.010876519235948828
CORR30,-0.016882062862686047
CORD30,-0.022191155474840265
CNTP30,-0.009841191957049328
CNTN30,0.015151049988727698
CNTD30,-0.013483094763687895
SUMP30,-0.02247535701209175
SUMN30,0.02247529569694816
SUMD30,-0.022475423930679875
VMA30,0.01309337038717648
VSTD30,0.0021137055246816866
WVMA30,-0.011685413769512844
VSUMP30,-0.015938766463458105
VSUMN30,0.0159388675167279
VSUMD30,-0.015938740047069532
ROC60,0.01603065826314743
MA60,0.028447328170011815
STD60,-0.004732597921785313
BETA60,-0.007639594288252662
RSQR60,6.299868341075664e-05
RESI60,-0.03232349194849485
MAX60,0.01468577368079445
MIN60,0.022215318383689817
QTLU60,0.027010632052056206
QTLD60,0.02709711954675895
RANK60,-0.019443608036653806
RSV60,-0.018277586901792917
IMAX60,-0.003698877095158121
IMIN60,-4.409647709744699e-05
IMXD60,-0.0016235495738118409
CORR60,-0.012761259560860392
CORD60,-0.019567416617338608
CNTP60,0.0012660189251916928
CNTN60,0.004320750398767972
CNTD60,-0.0015548169059406618
SUMP60,-0.011944797631877132
SUMN60,0.011944774522959748
SUMD60,-0.011944793176057856
VMA60,0.017039852905537903
VSTD60,0.006434231481897817
WVMA60,-0.014200542115637685
VSUMP60,-0.014439708047717027
VSUMN60,0.014439726347192722
VSUMD60,-0.014439787249651103
