date,Reversal 5d,Momentum 60d,Low volatility 20d,Price-volume corr 20d (neg),Alpha158 + LightGBM,Nifty 200 index (buy & hold),Equal-weight top-200 NSE (gross)
2017,0.3325331453744649,0.25876353536084395,0.2278217342856952,0.21004714866615792,0.38274619477112704,0.32493627916014445,0.3410458958350915
2018,-0.2635884659165638,-0.13920926078082219,-0.12645903691877236,-0.205737998481336,-0.030815260061332395,-0.007151483781917101,-0.17409925398399972
2019,-0.1778118625245746,-0.056675341255067235,-0.03930289796508957,-0.03916247840339915,-0.06148241174479174,0.08958997662719215,-0.09755671296254853
2020,0.18596295042494648,0.3103934594424067,0.2901458583250045,0.19275820711041924,0.20674118420776888,0.16585062439195553,0.23899035799859547
2021,0.29007125842576187,0.26165865406754096,0.27763680028954196,0.27919520615525206,0.25387549568062817,0.2832284541723673,0.40216924685439315
2022,-0.05861939369586877,-0.12152599801668451,-0.06820926303455244,-0.04008402302574954,0.042615447146520324,0.022499040552641514,-0.070401582969288
2023,0.25841173257876804,0.288840954795039,0.24005824521607155,0.2270003689445237,0.24754843931823345,0.23353611810518493,0.39108233938025716
2024,0.01691035436458188,0.11865010476844184,0.0867506859019831,0.03940050541475837,0.043141869670087374,0.13989468701928764,0.13249718475793815
2025,0.08880304879349432,-0.004909023053097039,-0.029484053498351037,0.17909656770312643,0.053455769736217906,0.08068779636007628,-0.005635627902692009
2026,-0.04241645121820292,0.08613679471236857,-0.08371513482607729,-0.04664481934314535,-0.0852846507902213,-0.11184411396421867,-0.0009822325452700786
