date,symbol,kind,price_move,ratio,match,volume_x,value_x,adjusted
2014-01-27,KSCL,bonus,0.2097,5.0,0.0474,9.43,2.07,True
2014-02-03,SWANENERGY,bonus,0.5306,2.0,0.0594,3.42,1.78,True
2014-06-03,MINDTREE,bonus,0.5114,2.0,0.0226,3.25,1.79,True
2014-06-09,GRUH,bonus,0.5098,2.0,0.0195,2.55,1.52,True
2014-06-20,DEEPAKNTR,bonus,0.1064,10.0,0.0619,16.38,1.75,True
2014-07-28,AXISBANK,bonus,0.1991,5.0,0.0045,6.18,1.28,True
2014-08-26,HAVELLS,bonus,0.219,5.0,0.0907,20.55,4.55,False
2014-09-04,J&KBANK,bonus,0.1068,10.0,0.0657,44.73,4.77,False
2014-09-12,ATULAUTO,bonus,0.5206,2.0,0.0404,12.85,7.86,False
2014-09-18,NCC,bonus,0.6555,1.5,0.0169,5.0,3.24,False
2014-09-25,ASTRAL,bonus,0.4761,2.0,0.049,1.85,0.88,True
2014-10-08,JBMA,bonus,0.2399,4.0,0.0414,1.29,0.32,False
2014-10-09,THEBYKE,bonus,0.5066,2.0,0.0131,1.65,0.82,True
2014-10-14,DLF,bonus,0.7144,1.3333333333333333,0.0486,11.36,8.0,False
2014-11-20,SBIN,bonus,0.1021,10.0,0.0206,10.29,1.12,True
2014-11-28,GODFRYPHLP,bonus,0.2019,5.0,0.0093,7.24,1.47,True
2014-12-02,INFY,bonus,0.4889,2.0,0.0225,2.58,1.32,True
2014-12-04,ICICIBANK,bonus,0.2019,5.0,0.0094,4.87,1.01,True
2014-12-18,JKTYRE,bonus,0.2353,4.0,0.0607,7.22,1.46,True
2014-12-18,PNB,bonus,0.2081,5.0,0.0397,4.37,0.93,True
2015-01-08,BERGEPAINT,bonus,0.5505,2.0,0.0963,9.89,5.98,False
2015-01-21,RSSOFTWARE,bonus,0.4839,2.0,0.0327,1.35,0.66,True
2015-01-22,BANKBARODA,bonus,0.1985,5.0,0.0077,6.96,1.46,True
2015-01-23,TATACOFFEE,bonus,0.1018,10.0,0.0179,48.41,5.17,False
2015-03-10,PERSISTENT,bonus,0.4552,2.0,0.0939,3.92,1.98,False
2015-03-19,HCLTECH,bonus,0.4882,2.0,0.0238,4.46,2.18,True
2015-03-19,TECHM,bonus,0.2454,4.0,0.0187,8.66,2.14,True
2015-03-20,AJANTPHARM,bonus,0.3687,2.5,0.0816,3.77,1.52,False
2015-03-23,GRANULES,bonus,0.1036,10.0,0.0357,13.41,1.48,True
2015-03-24,AARTIDRUGS,bonus,0.4721,2.0,0.0575,50.28,23.17,False
2015-03-26,WABAG,bonus,0.4796,2.0,0.0416,4.06,1.89,True
2015-04-23,TWL,bonus,0.1939,5.0,0.0311,1.8,0.36,False
2015-06-03,ADANIENT,bonus,0.1723,6.0,0.0332,22.83,3.52,False
2015-06-03,UNITECH,bonus,0.6431,1.5,0.036,19.7,12.02,False
2015-06-12,MASTEK,bonus,0.34,3.0,0.0199,1.02,0.36,False
2015-06-15,INFY,bonus,0.5015,2.0,0.003,1.57,0.77,True
2015-07-01,RELAXO,bonus,0.5145,2.0,0.0286,4.82,2.68,True
2015-07-08,FEDERALBNK,bonus,0.4902,2.0,0.0197,2.18,1.15,True
2015-07-08,KOTAKBANK,bonus,0.496,2.0,0.008,2.88,1.56,True
2015-07-20,AUROPHARMA,bonus,0.5087,2.0,0.0173,1.23,0.66,True
2015-07-23,MOTHERSUMI,bonus,0.6681,1.5,0.0021,0.97,0.65,True
2015-08-19,AMTEKAUTO,bonus,0.694,1.5,0.0402,13.86,8.54,False
2015-08-20,AMTEKAUTO,bonus,0.7128,1.3333333333333333,0.0508,42.84,16.55,False
2015-09-03,AMTEKAUTO,bonus,0.6502,1.5,0.0251,10.65,5.11,False
2015-09-09,DHFL,bonus,0.5144,2.0,0.0285,1.07,0.52,True
2015-09-14,BEL,bonus,0.3274,3.0,0.0179,2.73,0.9,True
2015-09-23,COLPAL,bonus,0.4882,2.0,0.0239,1.65,0.8,True
2015-09-23,DIVISLAB,bonus,0.5046,2.0,0.0091,1.5,0.74,True
2015-10-01,IDFC,bonus,0.4279,2.5,0.0673,18.24,9.21,False
2015-10-06,CADILAHC,bonus,0.2045,5.0,0.0224,5.56,1.28,True
2015-10-07,BATAINDIA,bonus,0.5003,2.0,0.0005,1.24,0.64,True
2015-10-15,LAMBODHARA,bonus,0.5097,2.0,0.0192,4.95,2.18,True
2015-11-06,SHILPAMED,bonus,0.4988,2.0,0.0023,1.29,0.65,True
2015-11-19,JSL,bonus,0.3913,2.5,0.022,0.1,0.04,False
2015-11-26,AVANTIFEED,bonus,0.1978,5.0,0.0113,3.31,0.67,True
2015-11-26,NATCOPHARM,bonus,0.2109,5.0,0.0531,46.65,10.56,False
2015-12-03,JAMNAAUTO,bonus,0.4968,2.0,0.0064,24.58,12.12,False
2015-12-22,MARICO,bonus,0.4778,2.0,0.0455,6.76,3.45,False
2016-01-20,ABIRLANUVO,bonus,0.4271,2.5,0.0655,20.87,8.79,False
2016-03-09,MINDTREE,bonus,0.4425,2.5,0.101,11.75,5.8,False
2016-03-15,CROMPGREAV,bonus,0.2833,4.0,0.1251,11.37,3.62,False
2016-03-16,TIDEWATER,bonus,0.2426,4.0,0.0301,13.77,4.09,False
2016-03-21,WELSPUNIND,bonus,0.1039,10.0,0.0384,5.71,0.63,True
2016-05-02,DISHMAN,bonus,0.4994,2.0,0.0012,1.75,0.87,True
2016-05-11,FRL,bonus,0.1258,8.0,0.0063,3.8,0.53,False
2016-06-02,NBCC,bonus,0.2033,5.0,0.0166,6.64,1.33,True
2016-07-01,ITC,bonus,0.685,1.5,0.0271,4.53,3.2,False
2016-07-13,BPCL,bonus,0.4869,2.0,0.0265,3.42,1.81,True
2016-07-13,SOLARINDS,bonus,0.2001,5.0,0.0006,7.37,1.47,True
2016-07-15,BERGEPAINT,bonus,0.7028,1.5,0.0528,2.71,2.22,True
2016-08-26,PFC,bonus,0.4852,2.0,0.03,1.52,0.76,True
2016-08-30,VGUARD,bonus,0.1061,10.0,0.0592,53.95,5.94,False
2016-09-08,BAJFINANCE,bonus,0.1021,10.0,0.0204,17.61,1.94,True
2016-09-12,MINDAIND,bonus,0.191,5.0,0.0458,4.81,1.09,True
2016-09-12,TRENT,bonus,0.103,10.0,0.0293,28.34,3.38,False
2016-09-14,HINDPETRO,bonus,0.3327,3.0,0.0018,3.8,1.24,True
2016-09-14,SYMPHONY,bonus,0.5091,2.0,0.018,1.5,0.77,True
2016-09-28,RECLTD,bonus,0.5001,2.0,0.0002,1.77,0.9,True
2016-10-04,KAJARIACER,bonus,0.5001,2.0,0.0001,2.28,1.18,True
2016-10-06,GRASIM,bonus,0.2046,5.0,0.0225,11.32,2.36,True
2016-10-10,8KMILES,bonus,0.4078,2.5,0.0194,13.14,5.61,False
2016-10-18,IOC,bonus,0.5009,2.0,0.0017,1.39,0.73,True
2016-11-11,ICIL,bonus,0.1876,5.0,0.064,7.89,1.5,True
2016-11-17,KARURVYSYA,bonus,0.1997,5.0,0.0014,3.63,0.67,True
2016-12-01,SUNILHITEC,bonus,0.0525,20.0,0.0493,0.18,0.0,False
2016-12-15,ONGC,bonus,0.6762,1.5,0.0142,2.22,1.6,True
2016-12-30,ENGINERSIN,bonus,0.4489,2.0,0.1077,5.2,2.59,False
2017-01-04,JSWSTEEL,bonus,0.0991,10.0,0.0086,5.14,0.52,True
2017-01-12,OIL,bonus,0.7153,1.3333333333333333,0.0474,3.59,2.77,True
2017-02-17,NBCC,bonus,0.6054,1.5,0.0965,6.09,3.91,False
2017-03-15,VGUARD,bonus,0.7141,1.3333333333333333,0.049,2.63,2.1,True
2017-03-16,BEL,bonus,0.1052,10.0,0.0508,18.93,2.04,True
2017-04-26,BLS,bonus,0.1015,10.0,0.0153,7.21,0.75,True
2017-05-25,ADVENZYMES,bonus,0.2167,5.0,0.0804,19.77,4.05,False
2017-05-25,SINTEX,bonus,0.2483,4.0,0.0067,46.77,11.11,False
2017-06-13,WIPRO,bonus,0.4921,2.0,0.016,2.27,1.09,True
2017-06-15,BIOCON,bonus,0.3381,3.0,0.0143,3.99,1.41,True
2017-06-22,ARCOTECH,bonus,0.192,5.0,0.041,23.98,5.08,False
2017-06-22,GODREJCP,bonus,0.4912,2.0,0.0178,2.3,1.19,True
2017-07-03,PETRONET,bonus,0.4957,2.0,0.0087,1.16,0.56,True
2017-07-05,MOTHERSUMI,bonus,0.6663,1.5,0.0005,1.15,0.73,True
2017-07-06,PCJEWELLER,bonus,0.5008,2.0,0.0016,1.09,0.54,True
2017-07-11,HINDPETRO,bonus,0.6641,1.5,0.0039,1.58,1.01,True
2017-07-13,BPCL,bonus,0.6707,1.5,0.006,1.12,0.81,True
2017-07-13,LT,bonus,0.6755,1.5,0.0132,1.36,0.93,True
2017-07-19,NAVINFLUOR,bonus,0.2043,5.0,0.0215,11.55,2.56,True
2017-07-25,SUNTECK,bonus,0.5089,2.0,0.0177,1.55,0.78,True
2017-08-10,DWARKESH,bonus,0.0996,10.0,0.0044,7.66,1.02,True
2017-08-31,INFIBEAM,bonus,0.1018,10.0,0.0177,25.63,2.7,True
2017-09-07,RELIANCE,bonus,0.4972,2.0,0.0056,2.48,1.3,True
2017-09-18,TATAELXSI,bonus,0.4943,2.0,0.0115,1.91,1.01,True
2017-09-21,YESBANK,bonus,0.2005,5.0,0.0027,4.2,0.91,True
2017-09-27,MOIL,bonus,0.465,2.0,0.0725,1.57,0.75,False
2017-09-28,BHARATFORG,bonus,0.4923,2.0,0.0155,2.23,1.11,True
2017-09-28,BHEL,bonus,0.6631,1.5,0.0054,1.94,1.22,True
2017-10-05,JAMNAAUTO,bonus,0.2032,5.0,0.0159,5.83,1.23,True
2017-10-12,CANFINHOME,bonus,0.206,5.0,0.0296,8.13,1.57,True
2017-11-09,IGL,bonus,0.1978,5.0,0.011,6.25,1.27,True
2017-12-21,BALKRISIND,bonus,0.483,2.0,0.0346,2.12,1.12,True
2017-12-21,CASTROLIND,bonus,0.4838,2.0,0.033,3.71,1.9,True
2017-12-21,M&M,bonus,0.4814,2.0,0.0379,4.99,2.63,True
2017-12-21,VAKRANGEE,bonus,0.5147,2.0,0.029,2.74,1.43,True
2018-03-15,IOC,bonus,0.4861,2.0,0.0281,6.35,3.28,False
2018-03-27,OIL,bonus,0.6331,1.5,0.0517,6.38,4.07,False
2018-04-19,PHILIPCARB,bonus,0.21,5.0,0.0486,0.48,0.11,False
2018-04-25,NBCC,bonus,0.5145,2.0,0.0286,3.97,2.09,True
2018-05-31,TCS,bonus,0.4954,2.0,0.0091,3.41,1.7,True
2018-06-06,GRUH,bonus,0.5234,2.0,0.0457,1.99,1.01,True
2018-06-15,MCDOWELL-N,bonus,0.196,5.0,0.0202,5.97,1.26,True
2018-06-21,EMAMILTD,bonus,0.4939,2.0,0.0122,2.01,1.01,True
2018-06-21,JUBLFOOD,bonus,0.4982,2.0,0.0036,0.78,0.41,False
2018-06-26,AVANTIFEED,bonus,0.3833,2.5,0.0425,7.1,2.59,True
2018-06-26,CONCOR,bonus,0.5014,2.0,0.0027,1.16,0.54,True
2018-07-11,MINDAIND,bonus,0.3356,3.0,0.0068,7.45,2.49,True
2018-07-12,GICRE,bonus,0.4853,2.0,0.0299,2.21,1.08,True
2018-08-14,TIRUMALCHM,bonus,0.1078,10.0,0.0749,29.67,3.38,False
2018-09-04,INFY,bonus,0.514,2.0,0.0275,4.51,2.36,True
2018-09-07,ZENSARTECH,bonus,0.1947,5.0,0.027,4.71,1.0,True
2018-09-11,GLAXO,bonus,0.487,2.0,0.0262,3.17,1.64,True
2018-09-12,GODREJCP,bonus,0.6933,1.5,0.0391,1.38,0.86,True
2018-09-21,DHFL,bonus,0.5742,2.0,0.1383,28.32,16.73,False
2018-09-21,YESBANK,bonus,0.7096,1.3333333333333333,0.0554,11.23,8.3,False
2018-09-28,INFIBEAM,bonus,0.2917,3.0,0.1333,42.55,15.89,False
2018-10-19,IEX,bonus,0.0991,10.0,0.0092,5.11,0.5,True
2018-10-30,MOTHERSUMI,bonus,0.7077,1.3333333333333333,0.0581,2.98,1.92,True
2018-11-28,ARVIND,bonus,0.3491,3.0,0.0463,38.16,13.26,False
2018-11-29,BRITANNIA,bonus,0.5086,2.0,0.0171,2.52,1.3,True
2019-01-15,GUJGASLTD,bonus,0.2141,5.0,0.0682,206.02,45.46,False
2019-01-24,KPIT,bonus,0.5952,1.5,0.1134,27.36,17.69,False
2019-01-25,DISHTV,bonus,0.6677,1.5,0.0015,17.06,11.95,False
2019-02-04,RCOM,bonus,0.6509,1.5,0.024,7.0,4.05,False
2019-02-04,RPOWER,bonus,0.6515,1.5,0.023,13.17,9.36,False
2019-02-05,RPOWER,bonus,0.6977,1.5,0.0455,31.95,16.45,False
2019-02-06,RELINFRA,bonus,0.679,1.5,0.0183,23.5,14.39,False
2019-02-07,RELINFRA,bonus,0.7171,1.3333333333333333,0.0448,32.27,14.78,False
2019-02-13,CGPOWER,bonus,0.7018,1.5,0.0513,25.14,17.64,False
2019-03-29,IDEA,bonus,0.6293,1.5,0.0577,5.26,3.15,False
2019-04-18,JETAIRWAYS,bonus,0.6854,1.5,0.0278,4.8,3.28,False
2019-04-30,YESBANK,bonus,0.7083,1.3333333333333333,0.0573,6.73,4.27,False
2019-05-30,IIFL,bonus,0.4779,2.0,0.0452,0.32,0.15,False
2019-06-11,SYNGENE,bonus,0.5085,2.0,0.0169,1.03,0.52,True
2019-06-12,BIOCON,bonus,0.4802,2.0,0.0405,2.21,1.08,True
2019-06-14,CHOLAFIN,bonus,0.198,5.0,0.0099,2.96,0.6,True
2019-06-18,JETAIRWAYS,bonus,0.5921,1.5,0.1186,3.76,1.13,False
2019-06-19,JISLJALEQS,bonus,0.719,1.3333333333333333,0.0422,12.13,5.47,False
2019-06-26,RELAXO,bonus,0.5184,2.0,0.0362,5.36,2.8,True
2019-07-02,UPL,bonus,0.692,1.5,0.0373,3.19,2.06,True
2019-07-09,GAIL,bonus,0.4869,2.0,0.0265,1.69,0.81,True
2019-07-15,DHFL,bonus,0.708,1.3333333333333333,0.0576,2.37,1.44,True
2019-07-25,VBL,bonus,0.7,1.5,0.0488,1.22,0.79,True
2019-09-17,TATACOMM,bonus,0.6519,1.5,0.0223,0.2,0.13,False
2019-09-19,HDFCBANK,bonus,0.5033,2.0,0.0065,1.48,0.73,True
2019-09-27,AARTIIND,bonus,0.5074,2.0,0.0147,3.01,1.56,True
2019-09-30,IBULHSGFIN,bonus,0.656,1.5,0.0162,5.14,3.3,False
2019-10-11,CENTURYTEX,bonus,0.4464,2.5,0.1098,3.83,1.66,False
2019-12-05,HCLTECH,bonus,0.4984,2.0,0.0033,1.92,0.96,True
2019-12-13,TRIDENT,bonus,0.1123,8.0,0.1074,24.89,2.7,False
2020-01-21,SUVEN,bonus,0.0529,20.0,0.0566,4.32,0.22,False
2020-03-04,TATACHEM,bonus,0.4347,2.5,0.0833,4.92,2.05,False
2020-03-06,YESBANK,bonus,0.4389,2.5,0.0927,9.13,3.67,False
2020-03-16,YESBANK,split,1.4521,0.5,0.3202,1.0,0.98,False
2020-03-18,IDEA,bonus,0.6495,1.5,0.0261,3.37,3.29,False
2020-03-19,IBULHSGFIN,bonus,0.6626,1.5,0.0061,1.89,0.76,True
2020-03-23,CHOLAFIN,bonus,0.704,1.5,0.0545,1.34,0.73,True
2020-03-23,M&MFIN,bonus,0.7136,1.3333333333333333,0.0498,1.47,0.71,True
2020-03-23,MFSL,bonus,0.7077,1.3333333333333333,0.0581,0.4,0.23,False
2020-04-03,IRCON,bonus,0.231,4.0,0.0789,6.18,1.52,True
2020-07-22,M&MFIN,bonus,0.6751,1.5,0.0125,6.24,4.86,False
2020-08-24,EICHERMOT,bonus,0.1003,10.0,0.0029,50.98,5.4,False
2020-09-29,LAURUSLABS,bonus,0.198,5.0,0.0102,4.84,1.17,True
2020-09-30,AARTIDRUGS,bonus,0.2625,4.0,0.0488,1.49,0.39,False
2020-10-06,ANANTRAJ,bonus,0.5614,2.0,0.1158,2.58,1.63,False
2020-12-15,APLAPOLLO,bonus,0.2046,5.0,0.0228,10.9,2.38,True
2020-12-23,MAJESCO,bonus,0.0124,100.0,0.2133,0.1,0.0,False
2021-03-18,ASTRAL,bonus,0.6989,1.5,0.0472,2.57,2.06,True
2021-03-18,DIXON,bonus,0.2112,5.0,0.0546,15.86,3.47,False
2021-03-18,INFIBEAM,bonus,0.4282,2.5,0.0682,7.29,3.31,False
2021-05-20,IRCON,bonus,0.5234,2.0,0.0457,6.99,4.05,False
2021-06-10,VBL,bonus,0.686,1.5,0.0286,10.25,8.34,False
2021-06-22,AARTIIND,bonus,0.495,2.0,0.01,2.42,1.2,True
2021-07-26,TIDEWATER,bonus,0.21,5.0,0.0488,0.19,0.04,False
2021-08-18,REDINGTON,bonus,0.4997,2.0,0.0006,2.75,1.4,True
2021-09-16,APLAPOLLO,bonus,0.5143,2.0,0.0282,3.05,1.81,True
2021-09-17,CESC,bonus,0.1045,10.0,0.0443,41.8,4.99,False
2021-10-07,AFFLE,bonus,0.21,5.0,0.0488,2.68,0.61,True
2021-10-13,SRF,bonus,0.1931,5.0,0.035,5.5,1.21,True
2021-10-28,IRCTC,bonus,0.2212,5.0,0.1007,7.83,1.76,False
2021-12-03,IEX,bonus,0.3506,3.0,0.0504,9.08,3.05,False
2022-01-10,IPCALAB,bonus,0.4823,2.0,0.036,4.65,2.48,True
2022-02-08,SCHAEFFLER,bonus,0.1976,5.0,0.0123,4.85,0.95,True
2022-02-21,JBMA,bonus,0.4151,2.5,0.0371,2.73,1.01,True
2022-02-28,EASEMYTRIP,bonus,0.5225,2.0,0.044,3.18,1.67,True
2022-03-14,INFIBEAM,bonus,0.4804,2.0,0.0399,5.79,3.17,False
2022-03-15,BCG,bonus,0.6298,1.5,0.0569,0.2,0.1,False
2022-03-21,BSE,bonus,0.3319,3.0,0.0044,4.35,1.97,True
2022-04-11,PCBL,bonus,0.5407,2.0,0.0782,3.55,2.02,False
2022-04-19,JUBLFOOD,bonus,0.192,5.0,0.0408,7.07,1.43,True
2022-05-13,BLS,bonus,0.5171,2.0,0.0336,0.51,0.25,False
2022-06-06,VBL,bonus,0.6661,1.5,0.0008,1.28,0.84,True
2022-06-09,AUBANK,bonus,0.4874,2.0,0.0256,1.92,0.9,True
2022-06-22,AJANTPHARM,bonus,0.6599,1.5,0.0102,4.0,2.78,True
2022-06-24,NAZARA,bonus,0.595,1.5,0.1138,22.45,11.89,False
2022-06-30,IOC,bonus,0.6762,1.5,0.0142,3.18,2.11,True
2022-07-07,MINDAIND,bonus,0.5123,2.0,0.0244,5.06,2.94,True
2022-07-08,TORNTPHARM,bonus,0.4974,2.0,0.0052,4.06,2.11,True
2022-07-11,GMMPFAUDLR,bonus,0.3533,3.0,0.0582,6.32,2.3,True
2022-07-28,TATASTEEL,bonus,0.1046,10.0,0.0449,17.11,1.94,True
2022-08-30,PEL,bonus,0.5521,2.0,0.0991,11.37,6.64,False
2022-09-06,GAIL,bonus,0.6804,1.5,0.0204,2.27,1.54,True
2022-09-13,BAJAJFINSV,bonus,0.1041,10.0,0.0406,27.12,2.82,True
2022-09-15,BEL,bonus,0.3308,3.0,0.0078,3.29,1.17,True
2022-10-03,MOTHERSON,bonus,0.6693,1.5,0.0039,2.83,1.69,True
2022-10-31,TDPOWERSYS,bonus,0.2033,5.0,0.0163,10.04,1.98,True
2022-11-10,NYKAA,bonus,0.1775,6.0,0.0632,78.67,11.99,False
2022-11-21,EASEMYTRIP,bonus,0.15,6.0,0.1052,84.62,11.89,False
2022-12-08,BLS,bonus,0.5282,2.0,0.0549,2.56,1.35,True
2023-02-01,ADANIENT,bonus,0.718,1.3333333333333333,0.0436,8.49,6.09,False
2023-02-22,IRB,split,0.1145,8.0,0.088,58.67,6.75,True
2023-03-02,360ONE,split,0.2487,4.0,0.0051,6.28,1.55,True
2023-03-29,MIRZAINT,bonus,0.137,8.0,0.0919,3.77,0.47,False
2023-05-04,APOLLO,split,0.105,10.0,0.0488,21.48,2.29,True
2023-05-31,LODHA,bonus,0.519,2.0,0.0373,2.08,1.16,True
2023-06-02,EDELWEISS,bonus,0.5526,2.0,0.1001,0.03,0.02,False
2023-06-08,NIITLTD,bonus,0.2387,4.0,0.0464,0.78,0.19,False
2023-06-15,VBL,split,0.5122,2.0,0.0241,2.75,1.43,True
2023-06-20,BLUESTARCO,bonus,0.5181,2.0,0.0356,4.36,2.37,True
2023-06-21,INDIAMART,bonus,0.5056,2.0,0.011,4.01,2.14,True
2023-07-05,BEPL,bonus,0.7178,1.3333333333333333,0.0439,4.53,3.17,False
2023-09-18,JBCHEPHARM,split,0.5021,2.0,0.0042,1.66,0.87,True
2023-09-28,HAL,split,0.4923,2.0,0.0156,2.39,1.17,True
2023-12-12,SONATSOFTW,bonus,0.5352,2.0,0.0681,16.41,9.06,False
2024-01-05,NESTLEIND,split,0.0983,10.0,0.0168,25.17,2.59,True
2024-01-10,COCHINSHIP,split,0.6,1.5,0.1054,12.86,7.1,True
2024-01-23,ZEEL,bonus,0.6636,1.5,0.0046,11.8,7.47,False
2024-03-28,PERSISTENT,split,0.4919,2.0,0.0162,2.84,1.4,True
2024-04-04,CUPID,bonus,0.0525,20.0,0.0486,19.65,1.08,True
2024-05-15,CANBK,split,0.21,5.0,0.049,7.23,1.38,True
2024-05-24,BDL,bonus,0.5419,2.0,0.0805,10.8,8.58,False
2024-05-24,INOXWIND,bonus,0.2727,4.0,0.0868,7.72,2.1,True
2024-06-10,MOTILALOFS,bonus,0.2704,4.0,0.0783,18.98,5.5,False
2024-06-13,SANOFI,bonus,0.6466,1.5,0.0306,1.09,0.81,True
2024-06-21,BPCL,bonus,0.4912,2.0,0.0178,3.5,1.7,True
2024-06-21,HINDPETRO,bonus,0.6507,1.5,0.0242,1.92,1.22,True
2024-07-02,OIL,bonus,0.6799,1.5,0.0197,3.05,2.34,True
2024-07-10,PGEL,split,0.0992,10.0,0.0078,9.83,1.15,True
2024-07-11,RAYMOND,bonus,0.6341,1.5,0.0501,0.73,0.51,False
2024-08-09,RUSHIL,split,0.1133,8.0,0.0981,43.7,5.22,True
2024-08-23,CDSL,bonus,0.5412,2.0,0.0792,13.24,7.82,False
2024-09-12,VBL,split,0.4114,2.5,0.0282,3.7,1.62,True
2024-09-20,PHOENIXLTD,bonus,0.5221,2.0,0.0433,5.34,2.79,True
2024-09-20,RITES,bonus,0.5461,2.0,0.0881,14.22,7.96,False
2024-10-07,NBCC,bonus,0.6853,1.5,0.0276,2.11,1.4,True
2024-10-09,JINDALSAW,split,0.4939,2.0,0.0123,1.48,0.77,True
2024-10-18,HEG,split,0.1931,5.0,0.0351,2.66,0.55,True
2024-10-28,DRREDDY,split,0.2013,5.0,0.0065,2.54,0.5,True
2024-10-28,RELIANCE,bonus,0.5024,2.0,0.0049,1.21,0.59,True
2024-11-29,EASEMYTRIP,bonus,0.551,2.0,0.0971,17.72,9.93,False
2024-12-03,DIACABS,split,0.105,10.0,0.0486,42.01,4.89,True
2024-12-03,WIPRO,bonus,0.4989,2.0,0.0021,2.59,1.32,True
2024-12-06,STAR,bonus,0.4596,2.0,0.0842,0.39,0.18,False
2024-12-16,PCJEWELLER,split,0.105,10.0,0.0489,6.53,0.76,True
2024-12-27,MAZDOCK,split,0.49,2.0,0.0203,1.17,0.57,True
2024-12-27,NMDC,bonus,0.3232,3.0,0.0307,3.52,1.12,True
2025-01-10,SHRIRAMFIN,split,0.1893,5.0,0.0548,6.21,1.15,True
2025-01-17,KITEX,bonus,0.35,3.0,0.0487,0.65,0.22,False
2025-01-31,IGL,bonus,0.51,2.0,0.0198,1.73,0.86,True
2025-01-31,JBMA,split,0.5318,2.0,0.0617,5.54,2.95,True
2025-02-14,TARIL,bonus,0.475,2.0,0.0512,0.73,0.35,False
2025-03-10,KESORAMIND,bonus,0.0474,20.0,0.0528,0.43,0.02,False
2025-03-11,IOLCP,split,0.1891,5.0,0.0561,8.17,1.57,True
2025-04-07,SIEMENS,bonus,0.5707,2.0,0.1322,6.74,3.76,False
2025-04-15,QUESS,bonus,0.493,2.0,0.0142,0.26,0.12,False
2025-05-07,NAUKRI,split,0.1983,5.0,0.0086,1.99,0.4,True
2025-05-14,RAYMOND,bonus,0.3524,3.0,0.0555,1.0,0.36,False
2025-05-22,ABFRL,bonus,0.3341,3.0,0.0022,12.89,4.37,False
2025-05-23,BSE,bonus,0.3499,3.0,0.0485,5.15,1.74,True
2025-06-04,COFORGE,split,0.2029,5.0,0.0144,5.17,1.05,True
2025-06-13,VIMTALABS,bonus,0.512,2.0,0.0238,3.62,1.85,True
2025-06-16,BAJFINANCE,split,0.1005,10.0,0.0052,9.25,0.96,True
2025-07-04,PARAS,split,0.55,2.0,0.0952,7.07,4.0,True
2025-07-16,ASHOKLEY,bonus,0.4966,2.0,0.0068,2.69,1.38,True
2025-07-18,MOTHERSON,bonus,0.6562,1.5,0.0158,1.31,0.86,True
2025-07-24,IEX,bonus,0.7042,1.5,0.0548,22.52,15.73,False
2025-08-08,NESTLEIND,bonus,0.4907,2.0,0.0188,2.39,1.12,True
2025-08-14,VRLLOG,bonus,0.5026,2.0,0.0051,2.15,0.97,True
2025-08-26,HDFCBANK,bonus,0.4956,2.0,0.0088,2.43,1.19,True
2025-09-11,PATANJALI,bonus,0.3324,3.0,0.0029,7.22,2.4,True
2025-09-16,GODFRYPHLP,bonus,0.3562,3.0,0.0665,8.58,2.96,True
2025-09-19,TFCILTD,split,0.199,5.0,0.005,8.94,1.92,True
2025-09-22,ADANIPOWER,split,0.24,4.0,0.0409,35.49,9.67,True
2025-09-23,PIDILITIND,bonus,0.4902,2.0,0.0197,3.54,1.7,True
2025-09-26,NAZARA,split,0.2509,4.0,0.0036,2.65,0.68,True
2025-10-03,SHILPAMED,bonus,0.4943,2.0,0.0114,2.58,1.21,True
2025-10-14,TATAMOTORS,bonus,0.5985,1.5,0.1079,3.97,2.31,False
2025-11-03,BEML,split,0.4971,2.0,0.0059,1.55,0.78,True
2025-11-26,HDFCAMC,bonus,0.502,2.0,0.004,0.99,0.49,False
2025-11-28,THYROCARE,bonus,0.336,3.0,0.0081,4.69,1.63,True
2025-12-05,CAMS,split,0.196,5.0,0.02,11.97,2.38,True
2025-12-19,LALPATHLAB,bonus,0.4981,2.0,0.0037,4.17,1.91,True
2026-01-02,MCX,split,0.2017,5.0,0.0082,7.59,1.58,True
2026-01-14,KOTAKBANK,split,0.1974,5.0,0.013,5.18,1.03,True
2026-02-26,ANGELONE,split,0.099,10.0,0.0101,11.59,1.1,True
2026-03-09,CUPID,bonus,0.2277,4.0,0.0932,29.47,6.24,False
2026-03-20,METROPOLIS,bonus,0.2419,4.0,0.0331,16.32,3.93,False
2026-03-30,IRB,bonus,0.5409,2.0,0.0787,14.56,7.83,False
2026-04-30,VEDL,bonus,0.351,3.0,0.0517,4.46,1.72,True
2026-05-29,LICI,bonus,0.4956,2.0,0.0088,3.71,1.93,True
2026-06-04,TRENT,bonus,0.6665,1.5,0.0003,2.5,1.65,True
2026-08-24,TDPOWERSYS,split,0.5083,2.0,0.0164,1.07,0.58,True
2026-09-07,HEG,bonus,0.3738,2.5,0.0678,3.27,1.22,False
2026-09-24,POLICYBZR,bonus,0.64,1.5,0.0408,24.2,16.98,False
